INSERT INTO dictionary_en (expression, category)
VALUES ('apple', 'fruit'),
       ('banana', 'fruit'),
       ('car', 'vehicle'),
       ('dog', 'animal'),
       ('house', 'building'),
       ('computer', 'electronics'),
       ('book', 'literature'),
       ('table', 'furniture'),
       ('pencil', 'stationery'),
       ('chair', 'furniture'),
       ('flower', 'plant'),
       ('shoe', 'clothing'),
       ('cat', 'animal'),
       ('bird', 'animal'),
       ('phone', 'electronics'),
       ('window', 'building'),
       ('door', 'building'),
       ('teacher', 'profession'),
       ('student', 'person'),
       ('pen', 'stationery'),
       ('bicycle', 'vehicle'),
       ('lamp', 'electronics'),
       ('tree', 'plant'),
       ('road', 'infrastructure'),
       ('river', 'geography'),
       ('ball', 'sport'),
       ('shirt', 'clothing'),
       ('hat', 'clothing'),
       ('watch', 'accessory'),
       ('sister', 'family'),
       ('brother', 'family'),
       ('friend', 'relationship'),
       ('mother', 'family'),
       ('father', 'family'),
       ('child', 'person'),
       ('bed', 'furniture'),
       ('glass', 'dishware'),
       ('pen', 'stationery'),
       ('car', 'vehicle'),
       ('bike', 'vehicle'),
       ('table', 'furniture'),
       ('phone', 'electronics'),
       ('computer', 'electronics'),
       ('bag', 'accessory'),
       ('hat', 'clothing'),
       ('orange', 'fruit'),
       ('desk', 'furniture'),
       ('window', 'building'),
       ('lamp', 'electronics'),
       ('clock', 'time'),
       ('chair', 'furniture'),
       ('hat', 'clothing'),
       ('shoe', 'clothing'),
       ('sock', 'clothing'),
       ('guitar', 'music'),
       ('headphones', 'electronics'),
       ('kitchen', 'room'),
       ('spoon', 'utensil'),
       ('fork', 'utensil'),
       ('knife', 'utensil'),
       ('plate', 'dishware'),
       ('cup', 'dishware'),
       ('bedroom', 'room'),
       ('bathroom', 'room'),
       ('library', 'place'),
       ('office', 'place'),
       ('hospital', 'place'),
       ('toothbrush', 'hygiene'),
       ('toothpaste', 'hygiene'),
       ('shower', 'bathroom'),
       ('soap', 'hygiene'),
       ('towel', 'hygiene'),
       ('mirror', 'furniture'),
       ('keyboard', 'electronics'),
       ('mouse', 'electronics'),
       ('screen', 'electronics'),
       ('bookshelf', 'furniture'),
       ('doorbell', 'electronics'),
       ('couch', 'furniture'),
       ('blanket', 'bedding'),
       ('pillow', 'bedding'),
       ('cabinet', 'furniture'),
       ('painting', 'art'),
       ('vase', 'decor'),
       ('garden', 'outdoors'),
       ('flowerpot', 'gardening'),
       ('microwave', 'appliances'),
       ('refrigerator', 'appliances'),
       ('oven', 'appliances'),
       ('dining table', 'furniture'),
       ('candle', 'decor'),
       ('remote control', 'electronics'),
       ('keyboard', 'electronics'),
       ('television', 'electronics');

INSERT INTO dictionary_pl (expression, category)
VALUES ('jabłko', 'owoce'),
       ('banan', 'owoce'),
       ('samochód', 'pojazdy'),
       ('pies', 'zwierzęta'),
       ('dom', 'budynki'),
       ('komputer', 'elektronika'),
       ('książka', 'literatura'),
       ('stół', 'meble'),
       ('ołówek', 'materiały biurowe'),
       ('krzesło', 'meble'),
       ('kwiat', 'rośliny'),
       ('but', 'ubrania'),
       ('kot', 'zwierzęta'),
       ('ptak', 'zwierzęta'),
       ('telefon', 'elektronika'),
       ('okno', 'budynki'),
       ('drzwi', 'budynki'),
       ('nauczyciel', 'zawód'),
       ('uczeń', 'osoba'),
       ('długopis', 'materiały biurowe'),
       ('rower', 'pojazdy'),
       ('lampa', 'elektronika'),
       ('drzewo', 'rośliny'),
       ('droga', 'infrastruktura'),
       ('rzeka', 'geografia'),
       ('piłka', 'sport'),
       ('koszula', 'ubrania'),
       ('kapelusz', 'ubrania'),
       ('zegarek', 'akcesoria'),
       ('siostra', 'rodzina'),
       ('brat', 'rodzina'),
       ('przyjaciel', 'relacje'),
       ('matka', 'rodzina'),
       ('ojciec', 'rodzina'),
       ('dziecko', 'osoba'),
       ('łóżko', 'meble'),
       ('szkło', 'naczynia'),
       ('długopis', 'materiały biurowe'),
       ('samochód', 'pojazdy'),
       ('rower', 'pojazdy'),
       ('stół', 'meble'),
       ('telefon', 'elektronika'),
       ('komputer', 'elektronika'),
       ('torba', 'akcesoria'),
       ('kapelusz', 'ubrania'),
       ('pomarańcza', 'owoce'),
       ('biurko', 'meble'),
       ('okno', 'budynki'),
       ('lampa', 'elektronika'),
       ('zegar', 'czas'),
       ('krzesło', 'meble'),
       ('kapelusz', 'ubrania'),
       ('but', 'ubrania'),
       ('skarpetka', 'ubrania'),
       ('gitara', 'muzyka'),
       ('słuchawki', 'elektronika'),
       ('kuchnia', 'pomieszczenie'),
       ('łyżka', 'naczynia'),
       ('widelec', 'naczynia'),
       ('nóż', 'naczynia'),
       ('talerz', 'naczynia'),
       ('kubek', 'naczynia'),
       ('sypialnia', 'pomieszczenie'),
       ('łazienka', 'pomieszczenie'),
       ('biblioteka', 'miejsce'),
       ('biuro', 'miejsce'),
       ('szpital', 'miejsce'),
       ('szczoteczka do zębów', 'higiena'),
       ('pasta do zębów', 'higiena'),
       ('prysznic', 'łazienka'),
       ('mydło', 'higiena'),
       ('ręcznik', 'higiena'),
       ('lustro', 'meble'),
       ('klawiatura', 'elektronika'),
       ('myszka', 'elektronika'),
       ('ekran', 'elektronika'),
       ('półka na książki', 'meble'),
       ('dzwonek do drzwi', 'elektronika'),
       ('kanapa', 'meble'),
       ('koc', 'pościel'),
       ('poduszka', 'pościel'),
       ('szafka', 'meble'),
       ('obraz', 'sztuka'),
       ('wazon', 'dekoracje'),
       ('ogród', 'na zewnątrz'),
       ('kwietnik', 'ogrodnictwo'),
       ('mikrofalówka', 'AGD'),
       ('lodówka', 'AGD'),
       ('piekarnik', 'AGD'),
       ('stół jadalniany', 'meble'),
       ('świeca', 'dekoracje'),
       ('pilot zdalnego sterowania', 'elektronika'),
       ('klawiatura', 'elektronika'),
       ('telewizor', 'elektronika');

INSERT INTO dictionary_es (expression, category)
VALUES ('manzana', 'fruta'),
       ('plátano', 'fruta'),
       ('coche', 'vehículo'),
       ('perro', 'animal'),
       ('casa', 'edificio'),
       ('computadora', 'electrónica'),
       ('libro', 'literatura'),
       ('mesa', 'mueble'),
       ('lápiz', 'papelería'),
       ('silla', 'mueble'),
       ('flor', 'planta'),
       ('zapato', 'ropa'),
       ('gato', 'animal'),
       ('pájaro', 'animal'),
       ('teléfono', 'electrónica'),
       ('ventana', 'edificio'),
       ('puerta', 'edificio'),
       ('profesor', 'profesión'),
       ('estudiante', 'persona'),
       ('bolígrafo', 'papelería'),
       ('bicicleta', 'vehículo'),
       ('lámpara', 'electrónica'),
       ('árbol', 'planta'),
       ('carretera', 'infraestructura'),
       ('río', 'geografía'),
       ('pelota', 'deporte'),
       ('camisa', 'ropa'),
       ('sombrero', 'ropa'),
       ('reloj', 'accesorio'),
       ('hermana', 'familia'),
       ('hermano', 'familia'),
       ('amigo', 'relación'),
       ('madre', 'familia'),
       ('padre', 'familia'),
       ('niño', 'persona'),
       ('cama', 'mueble'),
       ('vaso', 'vajilla'),
       ('coche', 'vehículo'),
       ('bicicleta', 'vehículo'),
       ('mesa', 'mueble'),
       ('teléfono', 'electrónica'),
       ('computadora', 'electrónica'),
       ('bolso', 'accesorio'),
       ('sombrero', 'ropa'),
       ('naranja', 'fruta'),
       ('escritorio', 'mueble'),
       ('ventana', 'edificio'),
       ('lámpara', 'electrónica'),
       ('reloj', 'tiempo'),
       ('silla', 'mueble'),
       ('sombrero', 'ropa'),
       ('zapato', 'ropa'),
       ('calcetín', 'ropa'),
       ('guitarra', 'música'),
       ('auriculares', 'electrónica'),
       ('cocina', 'habitación'),
       ('cuchara', 'utensilio'),
       ('tenedor', 'utensilio'),
       ('cuchillo', 'utensilio'),
       ('plato', 'vajilla'),
       ('taza', 'vajilla'),
       ('dormitorio', 'habitación'),
       ('baño', 'habitación'),
       ('biblioteca', 'lugar'),
       ('oficina', 'lugar'),
       ('hospital', 'lugar'),
       ('cepillo de dientes', 'higiene'),
       ('pasta de dientes', 'higiene'),
       ('ducha', 'baño'),
       ('jabón', 'higiene'),
       ('toalla', 'higiene'),
       ('espejo', 'mueble'),
       ('teclado', 'electrónica'),
       ('ratón', 'electrónica'),
       ('pantalla', 'electrónica'),
       ('estante de libros', 'mueble'),
       ('timbre de la puerta', 'electrónica'),
       ('sofá', 'mueble'),
       ('manta', 'ropa de cama'),
       ('almohada', 'ropa de cama'),
       ('armario', 'mueble'),
       ('pintura', 'arte'),
       ('jarrón', 'decoración'),
       ('jardín', 'al aire libre'),
       ('maceta', 'jardinería'),
       ('microondas', 'electrodomésticos'),
       ('nevera', 'electrodomésticos'),
       ('horno', 'electrodomésticos'),
       ('mesa de comedor', 'mueble'),
       ('vela', 'decoración'),
       ('control remoto', 'electrónica'),
       ('teclado', 'electrónica'),
       ('televisión', 'electrónica');

INSERT INTO category (symbol)
VALUES ('fruit'),
('vehicle'),
('animal'),
('building'),
('electronics'),
('literature'),
('furniture'),
('stationery'),
('plant'),
('clothing'),
('profession'),
('person'),
('infrastructure'),
('geography'),
('sport'),
('accessory'),
('family'),
('relationship'),
('time'),
('room'),
('utensil'),
('dishware'),
('place'),
('hygiene'),
('bedding'),
('art'),
('decor'),
('outdoors'),
('gardening'),
('appliances');